[
    {
        "id": "emma-1",
        "name": "Emma Wilson",
        "username": "emma-wilson",
        "category": "fashion",
        "profileImage": "https://images.unsplash.com/photo-1524504388940-b1c1722653e1",
        "bio": "Fashion enthusiast and lifestyle blogger who brings a fresh perspective to modern aesthetics. Specializing in sustainable fashion and high-end street style.",
        "followers": "1.2M",
        "campaigns": "150+",
        "engagement": "4.8%",
        "rating": "4.9",
        "location": "London, UK",
        "price": "Starts from £500",
        "responseTime": "24 Hours",
        "availability": "Available Now",
        "skills": [
            "Brand Strategy",
            "Content Creation",
            "Public Speaking",
            "Fashion Styling"
        ],
        "videoUrl": "https://www.youtube.com/embed/dQw4w9WgXcQ",
        "gallery": [
            "https://images.unsplash.com/photo-1483985988355-763728e1935b",
            "https://images.unsplash.com/photo-1490481651871-ab68de25d43d",
            "https://images.unsplash.com/photo-1539109132381-31a1ee0751dd",
            "https://images.unsplash.com/photo-1475184636915-0cff1ef511a4"
        ],
        "awards": [
            "Best Fashion Creator 2023",
            "Vogue Top 10 Influencers",
            "Sustainability Award 2022"
        ],
        "socialLinks": {
            "instagram": "emma_wilson",
            "youtube": "EmmaWilsonTV",
            "twitter": "emma_tweets"
        },
        "isFeatured": true
    },
    {
        "id": "sarah-2",
        "name": "Sarah Parker",
        "username": "sarah-parker",
        "category": "beauty",
        "profileImage": "https://images.unsplash.com/photo-1544005313-94ddf0286df2",
        "bio": "Beauty tips and tutorials focusing on natural glow and skincare routines. Helping you find your inner radiance through expert advice.",
        "followers": "850K",
        "campaigns": "80+",
        "engagement": "5.2%",
        "rating": "4.8",
        "location": "Paris, France",
        "price": "Starts from £300",
        "responseTime": "12 Hours",
        "availability": "Booking June",
        "skills": [
            "Makeup Artistry",
            "Skincare Science",
            "Product Photography"
        ],
        "videoUrl": "https://youtu.be/NgjERPTaC4Y?si=dSmpVEQ9y9JJBIxS",
        "gallery": [
            "https://images.unsplash.com/photo-1522335789203-aabd1fc54bc9",
            "https://images.unsplash.com/photo-1512496011212-72d204b648cf",
            "https://images.unsplash.com/photo-1515377905703-c4788e51af15"
        ],
        "awards": [
            "L'Oreal Beauty Choice 2023",
            "Beauty Blogger of the Year"
        ],
        "socialLinks": {
            "instagram": "sarah_beauty",
            "youtube": "GlowWithSarah"
        },
        "isFeatured": true
    },
    {
        "id": "1768290431279",
        "name": "Vikas",
        "username": "vikas",
        "category": "tech",
        "profileImage": "https://eveswebworkspvtltd.com/logo/Softwere%20Developer.png",
        "bio": "Full-stack engineer with 6 years of experience in custom websites, mobile apps, and end-to-end development.\n\n",
        "followers": "100k",
        "isFeatured": true,
        "socialLinks": {
            "instagram": "",
            "youtube": "",
            "twitter": ""
        },
        "location": "Panchkula",
        "price": "400",
        "rating": "5",
        "videoUrl": "https://youtu.be/W5M285R13q8?si=RC6AzUi93_DG4Emx",
        "gallery": [
            "https://eveswebworkspvtltd.com/logo/Softwere%20Developer.png",
            "https://eveswebworkspvtltd.com/logo/Softwere%20Developer.png"
        ]
    }
]